,precision,recall,f1-score,support
Normal,0.3333333333333333,0.1111111111111111,0.16666666666666666,9.0
Pneumonia,0.5,0.8,0.6153846153846154,10.0
accuracy,0.47368421052631576,0.47368421052631576,0.47368421052631576,0.47368421052631576
macro avg,0.41666666666666663,0.4555555555555556,0.391025641025641,19.0
weighted avg,0.42105263157894735,0.47368421052631576,0.402834008097166,19.0
